{"cameraMode":{"drawMode":0,"name":"Shaded","section":"Shading Mode"},"sceneLighting":true,"audioPlay":false,"sceneViewState":{"m_AlwaysRefresh":false,"showFog":true,"showSkybox":true,"showFlares":true,"showImageEffects":true,"showParticleSystems":true,"showVisualEffectGraphs":true,"m_FxEnabled":true},"in2DMode":false,"pivot":{"x":-6.201683044433594,"y":1.7256691455841065,"z":3.676884651184082},"rotation":{"x":0.12176693230867386,"y":0.6041722893714905,"z":-0.09409452229738236,"w":0.7818544507026672},"size":12.226029396057129,"orthographic":true}